{"cameraMode":{"drawMode":0,"name":"Shaded","section":"Shading Mode"},"sceneLighting":true,"audioPlay":false,"sceneViewState":{"m_AlwaysRefresh":false,"showFog":true,"showSkybox":true,"showFlares":true,"showImageEffects":true,"showParticleSystems":true,"showVisualEffectGraphs":true,"m_FxEnabled":true},"in2DMode":false,"pivot":{"x":297.4183654785156,"y":20.879215240478517,"z":366.5299987792969},"rotation":{"x":-0.148269921541214,"y":-0.003962134011089802,"z":0.0002362185186939314,"w":-0.9889894127845764},"size":2.0835721492767336,"orthographic":false}