{"cameraMode":{"drawMode":0,"name":"Shaded","section":"Shading Mode"},"sceneLighting":true,"audioPlay":false,"sceneViewState":{"m_AlwaysRefresh":false,"showFog":true,"showSkybox":true,"showFlares":true,"showImageEffects":true,"showParticleSystems":true,"showVisualEffectGraphs":true,"m_FxEnabled":true},"in2DMode":false,"pivot":{"x":973.1131591796875,"y":462.76739501953127,"z":239.41546630859376},"rotation":{"x":-0.3641315996646881,"y":0.49601277709007265,"z":-0.24092186987400056,"w":-0.7506259679794312},"size":0.059246163815259936,"orthographic":false}